cr_rank,CashRate,sim_cash,real_field_cash,actual,rank,cashed
1,0.474,0.468,0.477666666666667,421.91,88,TRUE
2,0.469,0.449666666666667,0.465333333333333,433.07,78,TRUE
3,0.456,0.432333333333333,0.464333333333333,536.79,17,TRUE
4,0.433,0.416,0.429,450.1,62,TRUE
5,0.414,0.394,0.412333333333333,458.36,49,TRUE
6,0.411,0.395666666666667,0.402333333333333,469.52,48,TRUE
7,0.407,0.392666666666667,0.409333333333333,554.49,17,TRUE
8,0.399,0.390666666666667,0.408,547.06,17,TRUE
9,0.398,0.380666666666667,0.388333333333333,482.31,44,TRUE
10,0.391,0.372333333333333,0.391333333333333,537.59,17,TRUE
