strategy_id,label,family,K,cut,draws,cash_rate,roi,margin,p_any,source
floor_p25,Sim p25 floor (top quarter),sim_floor,14,750,200,0.00285714285714286,-0.428571428571429,-231.4712,0.04,GPP pool
floor_p10,Sim p10 floor (top quarter),sim_floor,14,750,200,0.0025,-0.5,-236.152075,0.035,GPP pool
field_like,Field-like (ownership-weighted),baseline,14,3000,200,0.00178571428571429,-0.642857142857143,-244.34695,0.025,GPP pool
random_full,"Random, whole source",baseline,14,3000,200,0.00178571428571429,-0.714285714285714,-252.008392857143,0.025,GPP pool
cash_tab_default,Cash tab default,baseline,10,10,1,0,-1,-156.19,0,Cash tab
proj_topn,Top N by projection,baseline,10,10,1,0,-1,-156.19,0,Cash tab
random_full,"Random, whole source",baseline,10,10,1,0,-1,-156.19,0,Cash tab
topn_simcash,Top N by sim cash rate,sim_cash,10,10,1,0,-1,-156.19,0,Cash tab
rand1_of_top50_simcash,Random 1 from the top 50 by sim cash rate,sim_cash,1,10,200,0,-1,-161.42055,0,Cash tab
rand3_of_top50_simcash,Random 3 from the top 50 by sim cash rate,sim_cash,3,10,200,0,-1,-157.8626,0,Cash tab
rand1_of_top100_simcash,Random 1 from the top 100 by sim cash rate,sim_cash,1,10,200,0,-1,-157.5778,0,Cash tab
rand3_of_top100_simcash,Random 3 from the top 100 by sim cash rate,sim_cash,3,10,200,0,-1,-156.1781,0,Cash tab
rand1_of_top200_simcash,Random 1 from the top 200 by sim cash rate,sim_cash,1,10,200,0,-1,-157.5778,0,Cash tab
rand3_of_top200_simcash,Random 3 from the top 200 by sim cash rate,sim_cash,3,10,200,0,-1,-156.1781,0,Cash tab
topn_med_edge,Top N by sim median minus projection,sim_edge,10,10,1,0,-1,-156.19,0,Cash tab
proj_topn,Top N by projection,baseline,14,14,1,0,-1,-195.983571428571,0,GPP pool
topn_simcash,Top N by sim cash rate,sim_cash,14,14,1,0,-1,-194.228571428571,0,GPP pool
rand1_of_top50_simcash,Random 1 from the top 50 by sim cash rate,sim_cash,1,50,200,0,-1,-197.23415,0,GPP pool
rand3_of_top50_simcash,Random 3 from the top 50 by sim cash rate,sim_cash,3,50,200,0,-1,-195.343933333333,0,GPP pool
rand10_of_top50_simcash,Random 10 from the top 50 by sim cash rate,sim_cash,10,50,200,0,-1,-196.33187,0,GPP pool
rand1_of_top100_simcash,Random 1 from the top 100 by sim cash rate,sim_cash,1,100,200,0,-1,-218.65415,0,GPP pool
rand3_of_top100_simcash,Random 3 from the top 100 by sim cash rate,sim_cash,3,100,200,0,-1,-223.004383333333,0,GPP pool
rand10_of_top100_simcash,Random 10 from the top 100 by sim cash rate,sim_cash,10,100,200,0,-1,-216.31514,0,GPP pool
rand1_of_top200_simcash,Random 1 from the top 200 by sim cash rate,sim_cash,1,200,200,0,-1,-233.82475,0,GPP pool
rand3_of_top200_simcash,Random 3 from the top 200 by sim cash rate,sim_cash,3,200,200,0,-1,-224.892183333333,0,GPP pool
rand10_of_top200_simcash,Random 10 from the top 200 by sim cash rate,sim_cash,10,200,200,0,-1,-220.76943,0,GPP pool
low_sd,Low spread at a good mean,sim_floor,14,429,200,0,-1,-242.523285714286,0,GPP pool
topn_med_edge,Top N by sim median minus projection,sim_edge,14,14,1,0,-1,-249.25,0,GPP pool
rand200_med_edge,Random from top 200 by sim median minus projection,sim_edge,14,200,200,0,-1,-264.207053571429,0,GPP pool
